,norm_intensity,norm_intensity_error,norm_intensity_nocomplex,norm_intensity_nocomplex_error,offset(hz),slp(hz),trelax(s)
0,0.5571770623058085,0.0,0.55766983926329,0.0,-1500.0,249.99999999999997,0.15
1,0.5560884386518062,0.0,0.5566693391833668,0.0,-1484.924623115578,249.99999999999997,0.15
2,0.553262366819899,0.0,0.5556408737560855,0.0,-1469.8492462311558,249.99999999999997,0.15
3,0.5517700121146928,0.0,0.5545834240270007,0.0,-1454.7738693467334,249.99999999999997,0.15
4,0.5523528792712451,0.0,0.5534959259918821,0.0,-1439.6984924623116,249.99999999999997,0.15
5,0.552084212917924,0.0,0.5523772683045154,0.0,-1424.6231155778894,249.99999999999997,0.15
6,0.5494012620181954,0.0,0.551226289856886,0.0,-1409.5477386934676,249.99999999999997,0.15
7,0.5468303135860697,0.0,0.5500417772245534,0.0,-1394.4723618090452,249.99999999999997,0.15
8,0.5466956073946088,0.0,0.5488224619695548,0.0,-1379.396984924623,249.99999999999997,0.15
9,0.5471347026953189,0.0,0.5475670177928997,0.0,-1364.321608040201,249.99999999999997,0.15
10,0.54521012845629,0.0,0.5462740575283598,0.0,-1349.2462311557786,249.99999999999997,0.15
11,0.5418626651090878,0.0,0.5449421299688444,0.0,-1334.1708542713568,249.99999999999997,0.15
12,0.540372158430179,0.0,0.5435697165163375,0.0,-1319.0954773869346,249.99999999999997,0.15
13,0.540903019375264,0.0,0.5421552276460833,0.0,-1304.0201005025128,249.99999999999997,0.15
14,0.5401997282664279,0.0,0.5406969991753448,0.0,-1288.9447236180904,249.99999999999997,0.15
15,0.5369154573434161,0.0,0.5391932883268222,0.0,-1273.8693467336684,249.99999999999997,0.15
16,0.533822597931423,0.0,0.5376422695765823,0.0,-1258.7939698492462,249.99999999999997,0.15
17,0.533337629083998,0.0,0.5360420302762305,0.0,-1243.718592964824,249.99999999999997,0.15
18,0.5336313368376302,0.0,0.5343905660389243,0.0,-1228.643216080402,249.99999999999997,0.15
19,0.5315321796484854,0.0,0.5326857758788808,0.0,-1213.56783919598,249.99999999999997,0.15
20,0.5275328171172142,0.0,0.5309254570942202,0.0,-1198.4924623115578,249.99999999999997,0.15
21,0.5250094828600228,0.0,0.5291072998831938,0.0,-1183.4170854271356,249.99999999999997,0.15
22,0.5249750001692857,0.0,0.5272288816844923,0.0,-1168.3417085427136,249.99999999999997,0.15
23,0.5245356753961498,0.0,0.5252876612329778,0.0,-1153.2663316582914,249.99999999999997,0.15
24,0.5213118304430743,0.0,0.523280972323279,0.0,-1138.1909547738694,249.99999999999997,0.15
25,0.5169981268225086,0.0,0.5212060172750985,0.0,-1123.1155778894472,249.99999999999997,0.15
26,0.5147882893684727,0.0,0.5190598600959095,0.0,-1108.0402010050252,249.99999999999997,0.15
27,0.5146678818791013,0.0,0.5168394193391208,0.0,-1092.964824120603,249.99999999999997,0.15
28,0.5134981931491318,0.0,0.5145414606587932,0.0,-1077.8894472361808,249.99999999999997,0.15
29,0.509562992881735,0.0,0.5121625890657451,0.0,-1062.8140703517588,249.99999999999997,0.15
30,0.5049327041778341,0.0,0.5096992408946608,0.0,-1047.7386934673366,249.99999999999997,0.15
31,0.5024669473928194,0.0,0.5071476754975148,0.0,-1032.6633165829146,249.99999999999997,0.15
32,0.5018861407922639,0.0,0.5045039666858055,0.0,-1017.5879396984925,249.99999999999997,0.15
33,0.5002797611534459,0.0,0.5017639939528225,0.0,-1002.5125628140704,249.99999999999997,0.15
34,0.49605872143599783,0.0,0.4989234335175936,0.0,-987.4371859296482,249.99999999999997,0.15
35,0.4909223718574589,0.0,0.4959777492451276,0.0,-972.3618090452261,249.99999999999997,0.15
36,0.48749148382171814,0.0,0.4929221835128701,0.0,-957.286432160804,249.99999999999997,0.15
37,0.48599257832557236,0.0,0.48975174811195427,0.0,-942.2110552763819,249.99999999999997,0.15
38,0.48417487951376903,0.0,0.48646121529413067,0.0,-927.1356783919599,249.99999999999997,0.15
39,0.48019157103486854,0.0,0.4830451091019913,0.0,-912.0603015075377,249.99999999999997,0.15
40,0.4746780036680136,0.0,0.4794976971520504,0.0,-896.9849246231156,249.99999999999997,0.15
41,0.4697415674167634,0.0,0.4758129830784022,0.0,-881.9095477386935,249.99999999999997,0.15
42,0.46646160059428865,0.0,0.47198469988998104,0.0,-866.8341708542713,249.99999999999997,0.15
43,0.4638896870150583,0.0,0.4680063045484555,0.0,-851.7587939698492,249.99999999999997,0.15
44,0.4603552188662109,0.0,0.46387097413762685,0.0,-836.6834170854271,249.99999999999997,0.15
45,0.4552616536977254,0.0,0.4595716040709378,0.0,-821.6080402010051,249.99999999999997,0.15
46,0.4494314585335866,0.0,0.4551008088729924,0.0,-806.5326633165828,249.99999999999997,0.15
47,0.44398479560924753,0.0,0.45045092617629323,0.0,-791.4572864321608,249.99999999999997,0.15
48,0.43921583257091407,0.0,0.4456140246981012,0.0,-776.3819095477387,249.99999999999997,0.15
49,0.43456119264940224,0.0,0.44058191710734274,0.0,-761.3065326633166,249.99999999999997,0.15
50,0.4293944345353418,0.0,0.435346178860909,0.0,-746.2311557788945,249.99999999999997,0.15
51,0.42364632574759054,0.0,0.42989817428593763,0.0,-731.1557788944723,249.99999999999997,0.15
52,0.41768821965864084,0.0,0.4242290914133183,0.0,-716.0804020100503,249.99999999999997,0.15
53,0.4117767310842566,0.0,0.41832998733150284,0.0,-701.005025125628,249.99999999999997,0.15
54,0.4057079093614854,0.0,0.4121918461323267,0.0,-685.929648241206,249.99999999999997,0.15
55,0.39898566521326684,0.0,0.405805651865279,0.0,-670.8542713567839,249.99999999999997,0.15
56,0.3912757686746448,0.0,0.3991624793061119,0.0,-655.7788944723618,249.99999999999997,0.15
57,0.3827134735868384,0.0,0.3922536057809622,0.0,-640.7035175879397,249.99999999999997,0.15
58,0.37383799242405624,0.0,0.3850706477675538,0.0,-625.6281407035176,249.99999999999997,0.15
59,0.36525769658914475,0.0,0.37760572651607727,0.0,-610.5527638190955,249.99999999999997,0.15
60,0.3573153901551444,0.0,0.36985166748516307,0.0,-595.4773869346733,249.99999999999997,0.15
61,0.34995496973581,0.0,0.36180223895678426,0.0,-580.4020100502512,249.99999999999997,0.15
62,0.34281306950536156,0.0,0.35345243575234975,0.0,-565.3266331658291,249.99999999999997,0.15
63,0.33542555954833714,0.0,0.34479881448180266,0.0,-550.251256281407,249.99999999999997,0.15
64,0.3274147809067226,0.0,0.3358398871616989,0.0,-535.1758793969849,249.99999999999997,0.15
65,0.3185800099813323,0.0,0.3265765802576406,0.0,-520.1005025125628,249.99999999999997,0.15
66,0.30888622094301826,0.0,0.317012766132059,0.0,-505.0251256281407,249.99999999999997,0.15
67,0.2983901854148918,0.0,0.30715587336460526,0.0,-489.94974874371866,249.99999999999997,0.15
68,0.2871516869359383,0.0,0.297017581269265,0.0,-474.8743718592964,249.99999999999997,0.15
69,0.2751702932310627,0.0,0.286614601918024,0.0,-459.7989949748744,249.99999999999997,0.15
70,0.26238807709654965,0.0,0.2759695497962025,0.0,-444.7236180904522,249.99999999999997,0.15
71,0.24881022609535214,0.0,0.2651118945013222,0.0,-429.6482412060302,249.99999999999997,0.15
72,0.23477061411708605,0.0,0.2540789852433157,0.0,-414.572864321608,249.99999999999997,0.15
73,0.22118023587780877,0.0,0.2429171268590854,0.0,-399.49748743718607,249.99999999999997,0.15
74,0.20916637287985407,0.0,0.23168267516205565,0.0,-384.42211055276385,249.99999999999997,0.15
75,0.19841136786987018,0.0,0.2204431042954894,0.0,-369.3467336683416,249.99999999999997,0.15
76,0.18549094205466826,0.0,0.20927798005206233,0.0,-354.2713567839196,249.99999999999997,0.15
77,0.16729688367577578,0.0,0.19827975077847415,0.0,-339.1959798994974,249.99999999999997,0.15
78,0.14951310217976885,0.0,0.18755424173677127,0.0,-324.1206030150754,249.99999999999997,0.15
79,0.140456806941407,0.0,0.17722071029820413,0.0,-309.0452261306532,249.99999999999997,0.15
80,0.13086745180120676,0.0,0.16741128925710866,0.0,-293.9698492462312,249.99999999999997,0.15
81,0.11672318630316009,0.0,0.15826961558661526,0.0,-278.894472361809,249.99999999999997,0.15
82,0.10467422756409166,0.0,0.1499484144734256,0.0,-263.819095477387,249.99999999999997,0.15
83,0.08742449388116202,0.0,0.1426057867520506,0.0,-248.7437185929648,249.99999999999997,0.15
84,0.08264396674432499,0.0,0.1363999369734274,0.0,-233.66834170854258,249.99999999999997,0.15
85,0.06825402312241856,0.0,0.13148208810962586,0.0,-218.59296482412063,249.99999999999997,0.15
86,0.05754146108000216,0.0,0.1279873735455644,0.0,-203.5175879396984,249.99999999999997,0.15
87,0.05065379012482169,0.0,0.12602360630638054,0.0,-188.4422110552764,249.99999999999997,0.15
88,0.040459531255223766,0.0,0.12565804495866006,0.0,-173.3668341708542,249.99999999999997,0.15
89,0.03321457101596831,0.0,0.12690266465475783,0.0,-158.2914572864322,249.99999999999997,0.15
90,0.027152546779304277,0.0,0.1296990525161888,0.0,-143.21608040201,249.99999999999997,0.15
91,0.020401497385878764,0.0,0.1339048740369834,0.0,-128.140703517588,249.99999999999997,0.15
92,0.015922656755079655,0.0,0.13928476329555,0.0,-113.0653266331658,249.99999999999997,0.15
93,0.011888014861020948,0.0,0.14550913806483445,0.0,-97.98994974874358,249.99999999999997,0.15
94,0.008602849996636294,0.0,0.15216432421725595,0.0,-82.9145728643216,249.99999999999997,0.15
95,0.0059741597736407736,0.0,0.15877602208162359,0.0,-67.83919597989939,249.99999999999997,0.15
96,0.004150864459545103,0.0,0.16484550180777963,0.0,-52.7638190954774,249.99999999999997,0.15
97,0.0023316424218291646,0.0,0.16989464174603713,0.0,-37.68844221105519,249.99999999999997,0.15
98,0.0019525707690981955,0.0,0.17351329759856673,0.0,-22.613065326633205,249.99999999999997,0.15
99,0.0008674598385682746,0.0,0.17540168509938822,0.0,-7.537688442210992,249.99999999999997,0.15
100,0.0008674598385685188,0.0,0.17540168509938842,0.0,7.537688442210992,249.99999999999997,0.15
101,0.0019525707690979336,0.0,0.17351329759856676,0.0,22.613065326633205,249.99999999999997,0.15
102,0.0023316424218298906,0.0,0.16989464174603724,0.0,37.68844221105542,249.99999999999997,0.15
103,0.004150864459544384,0.0,0.16484550180777974,0.0,52.7638190954774,249.99999999999997,0.15
104,0.0059741597736451746,0.0,0.1587760220816229,0.0,67.83919597989961,249.99999999999997,0.15
105,0.008602849996637789,0.0,0.1521643242172559,0.0,82.9145728643216,249.99999999999997,0.15
106,0.011888014861020856,0.0,0.14550913806483373,0.0,97.98994974874381,249.99999999999997,0.15
107,0.015922656755080016,0.0,0.13928476329554992,0.0,113.0653266331658,249.99999999999997,0.15
108,0.020401497385878167,0.0,0.1339048740369828,0.0,128.140703517588,249.99999999999997,0.15
109,0.02715254677930391,0.0,0.1296990525161888,0.0,143.21608040201,249.99999999999997,0.15
110,0.0332145710159719,0.0,0.12690266465475708,0.0,158.2914572864322,249.99999999999997,0.15
111,0.04045953125522245,0.0,0.12565804495866054,0.0,173.36683417085442,249.99999999999997,0.15
112,0.050653790124821435,0.0,0.12602360630638043,0.0,188.4422110552764,249.99999999999997,0.15
113,0.057541461080003194,0.0,0.12798737354556428,0.0,203.51758793969861,249.99999999999997,0.15
114,0.06825402312241857,0.0,0.13148208810962578,0.0,218.59296482412063,249.99999999999997,0.15
115,0.08264396674432718,0.0,0.13639993697342728,0.0,233.6683417085428,249.99999999999997,0.15
116,0.0874244938811621,0.0,0.14260578675205055,0.0,248.7437185929648,249.99999999999997,0.15
117,0.10467422756409184,0.0,0.1499484144734256,0.0,263.819095477387,249.99999999999997,0.15
118,0.11672318630316017,0.0,0.15826961558661523,0.0,278.894472361809,249.99999999999997,0.15
119,0.13086745180120665,0.0,0.16741128925710863,0.0,293.9698492462312,249.99999999999997,0.15
120,0.14045680694140714,0.0,0.17722071029820438,0.0,309.0452261306534,249.99999999999997,0.15
121,0.14951310217976882,0.0,0.18755424173677132,0.0,324.1206030150754,249.99999999999997,0.15
122,0.1672968836757761,0.0,0.19827975077847382,0.0,339.1959798994976,249.99999999999997,0.15
123,0.18549094205466832,0.0,0.20927798005206238,0.0,354.2713567839196,249.99999999999997,0.15
124,0.19841136786986963,0.0,0.22044310429548958,0.0,369.3467336683418,249.99999999999997,0.15
125,0.209166372879854,0.0,0.2316826751620557,0.0,384.42211055276385,249.99999999999997,0.15
126,0.22118023587780888,0.0,0.24291712685908537,0.0,399.49748743718607,249.99999999999997,0.15
127,0.23477061411708613,0.0,0.25407898524331585,0.0,414.572864321608,249.99999999999997,0.15
128,0.2488102260953522,0.0,0.2651118945013224,0.0,429.6482412060302,249.99999999999997,0.15
129,0.26238807709655015,0.0,0.27596954979620264,0.0,444.7236180904524,249.99999999999997,0.15
130,0.27517029323106257,0.0,0.2866146019180239,0.0,459.7989949748744,249.99999999999997,0.15
131,0.28715168693593873,0.0,0.29701758126926514,0.0,474.8743718592966,249.99999999999997,0.15
132,0.29839018541489193,0.0,0.30715587336460515,0.0,489.94974874371866,249.99999999999997,0.15
133,0.30888622094301826,0.0,0.31701276613205914,0.0,505.02512562814076,249.99999999999997,0.15
134,0.3185800099813322,0.0,0.32657658025764025,0.0,520.1005025125628,249.99999999999997,0.15
135,0.32741478090672316,0.0,0.3358398871616991,0.0,535.175879396985,249.99999999999997,0.15
136,0.3354255595483369,0.0,0.34479881448180305,0.0,550.2512562814072,249.99999999999997,0.15
137,0.34281306950536067,0.0,0.3534524357523501,0.0,565.3266331658292,249.99999999999997,0.15
138,0.3499549697358101,0.0,0.3618022389567841,0.0,580.4020100502512,249.99999999999997,0.15
139,0.35731539015514363,0.0,0.36985166748516335,0.0,595.4773869346736,249.99999999999997,0.15
140,0.365257696589145,0.0,0.3776057265160775,0.0,610.5527638190956,249.99999999999997,0.15
141,0.37383799242405547,0.0,0.38507064776755295,0.0,625.6281407035176,249.99999999999997,0.15
142,0.3827134735868399,0.0,0.39225360578096313,0.0,640.7035175879396,249.99999999999997,0.15
143,0.3912757686746454,0.0,0.3991624793061117,0.0,655.7788944723619,249.99999999999997,0.15
144,0.3989856652132666,0.0,0.40580565186527917,0.0,670.854271356784,249.99999999999997,0.15
145,0.4057079093614853,0.0,0.41219184613232684,0.0,685.929648241206,249.99999999999997,0.15
146,0.4117767310842565,0.0,0.41832998733150284,0.0,701.005025125628,249.99999999999997,0.15
147,0.4176882196586412,0.0,0.42422909141331855,0.0,716.0804020100504,249.99999999999997,0.15
148,0.42364632574759065,0.0,0.42989817428593785,0.0,731.1557788944725,249.99999999999997,0.15
149,0.42939443453534165,0.0,0.4353461788609089,0.0,746.2311557788944,249.99999999999997,0.15
150,0.4345611926494021,0.0,0.44058191710734296,0.0,761.3065326633167,249.99999999999997,0.15
151,0.4392158325709149,0.0,0.44561402469810196,0.0,776.3819095477388,249.99999999999997,0.15
152,0.44398479560924836,0.0,0.4504509261762941,0.0,791.4572864321608,249.99999999999997,0.15
153,0.44943145853358657,0.0,0.4551008088729924,0.0,806.5326633165828,249.99999999999997,0.15
154,0.45526165369772553,0.0,0.4595716040709378,0.0,821.6080402010052,249.99999999999997,0.15
155,0.4603552188662116,0.0,0.4638709741376276,0.0,836.6834170854273,249.99999999999997,0.15
156,0.4638896870150583,0.0,0.4680063045484555,0.0,851.7587939698492,249.99999999999997,0.15
157,0.46646160059428904,0.0,0.47198469988998165,0.0,866.8341708542715,249.99999999999997,0.15
158,0.4697415674167633,0.0,0.475812983078402,0.0,881.9095477386936,249.99999999999997,0.15
159,0.47467800366801316,0.0,0.47949769715205015,0.0,896.9849246231156,249.99999999999997,0.15
160,0.4801915710348684,0.0,0.48304510910199117,0.0,912.0603015075377,249.99999999999997,0.15
161,0.4841748795137683,0.0,0.48646121529413006,0.0,927.13567839196,249.99999999999997,0.15
162,0.4859925783255719,0.0,0.4897517481119541,0.0,942.2110552763821,249.99999999999997,0.15
163,0.4874914838217187,0.0,0.49292218351287076,0.0,957.286432160804,249.99999999999997,0.15
164,0.49092237185745935,0.0,0.4959777492451285,0.0,972.361809045226,249.99999999999997,0.15
165,0.4960587214359984,0.0,0.49892343351759383,0.0,987.4371859296484,249.99999999999997,0.15
166,0.5002797611534459,0.0,0.5017639939528225,0.0,1002.5125628140704,249.99999999999997,0.15
167,0.5018861407922649,0.0,0.5045039666858065,0.0,1017.5879396984925,249.99999999999997,0.15
168,0.5024669473928174,0.0,0.507147675497513,0.0,1032.6633165829148,249.99999999999997,0.15
169,0.5049327041778342,0.0,0.5096992408946608,0.0,1047.7386934673368,249.99999999999997,0.15
170,0.509562992881735,0.0,0.5121625890657449,0.0,1062.8140703517588,249.99999999999997,0.15
171,0.5134981931491313,0.0,0.5145414606587926,0.0,1077.8894472361808,249.99999999999997,0.15
172,0.5146678818791011,0.0,0.5168394193391213,0.0,1092.9648241206032,249.99999999999997,0.15
173,0.5147882893684724,0.0,0.5190598600959093,0.0,1108.0402010050252,249.99999999999997,0.15
174,0.5169981268225086,0.0,0.5212060172750987,0.0,1123.1155778894472,249.99999999999997,0.15
175,0.5213118304430746,0.0,0.523280972323279,0.0,1138.1909547738696,249.99999999999997,0.15
176,0.5245356753961495,0.0,0.5252876612329775,0.0,1153.2663316582916,249.99999999999997,0.15
177,0.5249750001692857,0.0,0.5272288816844923,0.0,1168.3417085427136,249.99999999999997,0.15
178,0.5250094828600229,0.0,0.5291072998831938,0.0,1183.4170854271356,249.99999999999997,0.15
179,0.5275328171172147,0.0,0.5309254570942203,0.0,1198.492462311558,249.99999999999997,0.15
180,0.5315321796484855,0.0,0.5326857758788808,0.0,1213.56783919598,249.99999999999997,0.15
181,0.5336313368376302,0.0,0.5343905660389243,0.0,1228.643216080402,249.99999999999997,0.15
182,0.5333376290839978,0.0,0.5360420302762305,0.0,1243.718592964824,249.99999999999997,0.15
183,0.5338225979314228,0.0,0.5376422695765823,0.0,1258.7939698492464,249.99999999999997,0.15
184,0.5369154573434156,0.0,0.539193288326822,0.0,1273.8693467336684,249.99999999999997,0.15
185,0.5401997282664279,0.0,0.5406969991753448,0.0,1288.9447236180904,249.99999999999997,0.15
186,0.540903019375264,0.0,0.5421552276460833,0.0,1304.0201005025128,249.99999999999997,0.15
187,0.5403721584301789,0.0,0.5435697165163378,0.0,1319.0954773869348,249.99999999999997,0.15
188,0.5418626651090879,0.0,0.5449421299688444,0.0,1334.1708542713568,249.99999999999997,0.15
189,0.5452101284562901,0.0,0.5462740575283598,0.0,1349.2462311557786,249.99999999999997,0.15
190,0.5471347026953185,0.0,0.5475670177928997,0.0,1364.3216080402012,249.99999999999997,0.15
191,0.5466956073946088,0.0,0.5488224619695548,0.0,1379.396984924623,249.99999999999997,0.15
192,0.5468303135860697,0.0,0.5500417772245534,0.0,1394.4723618090452,249.99999999999997,0.15
193,0.5494012620181954,0.0,0.551226289856886,0.0,1409.5477386934676,249.99999999999997,0.15
194,0.5520842129179241,0.0,0.5523772683045154,0.0,1424.6231155778896,249.99999999999997,0.15
195,0.5523528792712451,0.0,0.5534959259918822,0.0,1439.6984924623116,249.99999999999997,0.15
196,0.5517700121146927,0.0,0.5545834240270007,0.0,1454.7738693467334,249.99999999999997,0.15
197,0.5532623668198995,0.0,0.5556408737560855,0.0,1469.849246231156,249.99999999999997,0.15
198,0.5560884386518062,0.0,0.5566693391833667,0.0,1484.924623115578,249.99999999999997,0.15
199,0.5571770623058084,0.0,0.55766983926329,0.0,1500.0,249.99999999999997,0.15
200,0.43103666846894084,0.0,0.43706145575606764,0.0,-1500.0,499.99999999999994,0.15
201,0.42824462817138825,0.0,0.4343993138303612,0.0,-1484.924623115578,499.99999999999994,0.15
202,0.42531930398995854,0.0,0.4316836468149829,0.0,-1469.8492462311558,499.99999999999994,0.15
203,0.42236017329736797,0.0,0.42891334314754526,0.0,-1454.7738693467334,499.99999999999994,0.15
204,0.4194231096853938,0.0,0.4260872808999345,0.0,-1439.6984924623116,499.99999999999994,0.15
205,0.4164723077448569,0.0,0.4232043292490834,0.0,-1424.6231155778894,499.99999999999994,0.15
206,0.41342279844643715,0.0,0.42026335014231353,0.0,-1409.5477386934676,499.99999999999994,0.15
207,0.4102220943082875,0.0,0.41726320017537744,0.0,-1394.4723618090452,499.99999999999994,0.15
208,0.4068959824501739,0.0,0.41420273270274477,0.0,-1379.396984924623,499.99999999999994,0.15
209,0.4035253160010063,0.0,0.41108080020131815,0.0,-1364.321608040201,499.99999999999994,0.15
210,0.40018042938850523,0.0,0.40789625691030157,0.0,-1349.2462311557786,499.99999999999994,0.15
211,0.3968677383757772,0.0,0.4046479617717675,0.0,-1334.1708542713568,499.99999999999994,0.15
212,0.39352545661421856,0.0,0.40133478169824904,0.0,-1319.0954773869346,499.99999999999994,0.15
213,0.39006506651889916,0.0,0.3979555951956667,0.0,-1304.0201005025128,499.99999999999994,0.15
214,0.38642538079437905,0.0,0.39450929637189225,0.0,-1288.9447236180904,499.99999999999994,0.15
215,0.3826041613405413,0.0,0.39099479936345016,0.0,-1273.8693467336684,499.99999999999994,0.15
216,0.37865268559560933,0.0,0.387411043214908,0.0,-1258.7939698492462,499.99999999999994,0.15
217,0.3746430479096695,0.0,0.3837569972480458,0.0,-1243.718592964824,499.99999999999994,0.15
218,0.37063077595627214,0.0,0.38003166695998536,0.0,-1228.643216080402,499.99999999999994,0.15
219,0.36663241690899573,0.0,0.376234100492018,0.0,-1213.56783919598,499.99999999999994,0.15
220,0.36262525724153866,0.0,0.3723633957132878,0.0,-1198.4924623115578,499.99999999999994,0.15
221,0.3585637903074106,0.0,0.3684187079658206,0.0,-1183.4170854271356,499.99999999999994,0.15
222,0.35440136773100017,0.0,0.36439925851990496,0.0,-1168.3417085427136,499.99999999999994,0.15
223,0.35010662769743683,0.0,0.3603043437910761,0.0,-1153.2663316582914,499.99999999999994,0.15
224,0.34566975137449213,0.0,0.3561333453721688,0.0,-1138.1909547738694,499.99999999999994,0.15
225,0.3410993468198835,0.0,0.3518857409360024,0.0,-1123.1155778894472,499.99999999999994,0.15
226,0.33641414965443206,0.0,0.34756111606590245,0.0,-1108.0402010050252,499.99999999999994,0.15
227,0.3316341981904811,0.0,0.34315917707287746,0.0,-1092.964824120603,499.99999999999994,0.15
228,0.3267746254889134,0.0,0.3386797648591289,0.0,-1077.8894472361808,499.99999999999994,0.15
229,0.3218431083940996,0.0,0.33412286988814677,0.0,-1062.8140703517588,499.99999999999994,0.15
230,0.3168403774916446,0.0,0.3294886483213934,0.0,-1047.7386934673366,499.99999999999994,0.15
231,0.3117624381598495,0.0,0.32477743938055514,0.0,-1032.6633165829146,499.99999999999994,0.15
232,0.3066031740787079,0.0,0.31998978399223965,0.0,-1017.5879396984925,499.99999999999994,0.15
233,0.30135645167764186,0.0,0.31512644476882234,0.0,-1002.5125628140704,499.99999999999994,0.15
234,0.2960173744546444,0.0,0.3101884273743266,0.0,-987.4371859296482,499.99999999999994,0.15
235,0.290582740234237,0.0,0.30517700331787845,0.0,-972.3618090452261,499.99999999999994,0.15
236,0.28505096811289926,0.0,0.3000937342088095,0.0,-957.286432160804,499.99999999999994,0.15
237,0.27942181597707094,0.0,0.29494049749674506,0.0,-942.2110552763819,499.99999999999994,0.15
238,0.2736961659160294,0.0,0.2897195137065438,0.0,-927.1356783919599,499.99999999999994,0.15
239,0.267876056975338,0.0,0.28443337516147904,0.0,-912.0603015075377,499.99999999999994,0.15
240,0.26196499279282615,0.0,0.27908507616790523,0.0,-896.9849246231156,499.99999999999994,0.15
241,0.2559683093635729,0.0,0.27367804461069467,0.0,-881.9095477386935,499.99999999999994,0.15
242,0.24989303734707227,0.0,0.26821617488016464,0.0,-866.8341708542713,499.99999999999994,0.15
243,0.2437463630816778,0.0,0.2627038620176947,0.0,-851.7587939698492,499.99999999999994,0.15
244,0.23753194518370926,0.0,0.2571460369282125,0.0,-836.6834170854271,499.99999999999994,0.15
245,0.2312448243531412,0.0,0.251548202462582,0.0,-821.6080402010051,499.99999999999994,0.15
246,0.2248690899400667,0.0,0.24591647012122508,0.0,-806.5326633165828,499.99999999999994,0.15
247,0.21838630876056303,0.0,0.2402575970714637,0.0,-791.4572864321608,499.99999999999994,0.15
248,0.2118006936392618,0.0,0.23457902310474682,0.0,-776.3819095477387,499.99999999999994,0.15
249,0.20516944386264657,0.0,0.2288889070854446,0.0,-761.3065326633166,499.99999999999994,0.15
250,0.19859506586587566,0.0,0.22319616236051554,0.0,-746.2311557788945,499.99999999999994,0.15
251,0.19213020258052077,0.0,0.2175104905081635,0.0,-731.1557788944723,499.99999999999994,0.15
252,0.1856374860298975,0.0,0.21184241270441703,0.0,-716.0804020100503,499.99999999999994,0.15
253,0.17882271047964032,0.0,0.20620329787892328,0.0,-701.005025125628,499.99999999999994,0.15
254,0.1716307520201507,0.0,0.2006053867160698,0.0,-685.929648241206,499.99999999999994,0.15
255,0.16461350956360304,0.0,0.19506181043534043,0.0,-670.8542713567839,499.99999999999994,0.15
256,0.15835084644186137,0.0,0.18958660315667997,0.0,-655.7788944723618,499.99999999999994,0.15
257,0.15223880846382798,0.0,0.1841947065239628,0.0,-640.7035175879397,499.99999999999994,0.15
258,0.145114916783687,0.0,0.17890196512423784,0.0,-625.6281407035176,499.99999999999994,0.15
259,0.13769123566451363,0.0,0.17372511110418312,0.0,-610.5527638190955,499.99999999999994,0.15
260,0.1314389135421536,0.0,0.16868173625081845,0.0,-595.4773869346733,499.99999999999994,0.15
261,0.12521173611812414,0.0,0.1637902496736099,0.0,-580.4020100502512,499.99999999999994,0.15
262,0.1184041780493344,0.0,0.15906981910296644,0.0,-565.3266331658291,499.99999999999994,0.15
263,0.1120892079645929,0.0,0.15454029370916306,0.0,-550.251256281407,499.99999999999994,0.15
264,0.10523846368841114,0.0,0.15022210625009022,0.0,-535.1758793969849,499.99999999999994,0.15
265,0.09955039335044866,0.0,0.14613615228029375,0.0,-520.1005025125628,499.99999999999994,0.15
266,0.09342135810428076,0.0,0.14230364410314,0.0,-505.0251256281407,499.99999999999994,0.15
267,0.08673171764228106,0.0,0.13874593712935812,0.0,-489.94974874371866,499.99999999999994,0.15
268,0.08180293478264188,0.0,0.1354843263276705,0.0,-474.8743718592964,499.99999999999994,0.15
269,0.07542652792690957,0.0,0.13253981052875183,0.0,-459.7989949748744,499.99999999999994,0.15
270,0.07015763052803417,0.0,0.12993282248940732,0.0,-444.7236180904522,499.99999999999994,0.15
271,0.06487190673146229,0.0,0.12768292286264593,0.0,-429.6482412060302,499.99999999999994,0.15
272,0.05973214124118831,0.0,0.12580845658371642,0.0,-414.572864321608,499.99999999999994,0.15
273,0.054351413591653394,0.0,0.1243261707148928,0.0,-399.49748743718607,499.99999999999994,0.15
274,0.05034530491127086,0.0,0.12325079354899868,0.0,-384.42211055276385,499.99999999999994,0.15
275,0.04588982435216896,0.0,0.12259457582348057,0.0,-369.3467336683416,499.99999999999994,0.15
276,0.04051311800960781,0.0,0.1223667963262759,0.0,-354.2713567839196,499.99999999999994,0.15
277,0.03686270857470222,0.0,0.12257323607461881,0.0,-339.1959798994974,499.99999999999994,0.15
278,0.033254082300629983,0.0,0.1232156277118121,0.0,-324.1206030150754,499.99999999999994,0.15
279,0.02990227157354277,0.0,0.12429108987550079,0.0,-309.0452261306532,499.99999999999994,0.15
280,0.027650720854658545,0.0,0.12579156009086095,0.0,-293.9698492462312,499.99999999999994,0.15
281,0.02494253396460198,0.0,0.12770324421774307,0.0,-278.894472361809,499.99999999999994,0.15
282,0.021407172319973248,0.0,0.13000610552117706,0.0,-263.819095477387,499.99999999999994,0.15
283,0.017804478708230778,0.0,0.1326734217966451,0.0,-248.7437185929648,499.99999999999994,0.15
284,0.014425623033861856,0.0,0.1356714442586009,0.0,-233.66834170854258,499.99999999999994,0.15
285,0.011631334351086538,0.0,0.13895919650372734,0.0,-218.59296482412063,499.99999999999994,0.15
286,0.010298677978626518,0.0,0.14248845502306834,0.0,-203.5175879396984,499.99999999999994,0.15
287,0.009344254851432532,0.0,0.14620395355798976,0.0,-188.4422110552764,499.99999999999994,0.15
288,0.007164496446081087,0.0,0.15004385112220175,0.0,-173.3668341708542,499.99999999999994,0.15
289,0.007108593859791852,0.0,0.15394049687897665,0.0,-158.2914572864322,499.99999999999994,0.15
290,0.005940849439255927,0.0,0.15782151365800262,0.0,-143.21608040201,499.99999999999994,0.15
291,0.004060945453305732,0.0,0.16161120555585856,0.0,-128.140703517588,499.99999999999994,0.15
292,0.0028297067541468044,0.0,0.16523227424348103,0.0,-113.0653266331658,499.99999999999994,0.15
293,0.003029577177426259,0.0,0.1686078044912139,0.0,-97.98994974874358,499.99999999999994,0.15
294,0.0014879134900418255,0.0,0.1716634539473326,0.0,-82.9145728643216,499.99999999999994,0.15
295,0.001592280709698567,0.0,0.17432975791568062,0.0,-67.83919597989939,499.99999999999994,0.15
296,0.0007483959362510238,0.0,0.17654443966643968,0.0,-52.7638190954774,499.99999999999994,0.15
297,0.0006018202587284557,0.0,0.17825460353920977,0.0,-37.68844221105519,499.99999999999994,0.15
298,0.00046592915206600835,0.0,0.17941868413464684,0.0,-22.613065326633205,499.99999999999994,0.15
299,0.00027463240060489954,0.0,0.18000803170739282,0.0,-7.537688442210992,499.99999999999994,0.15
300,0.00027463240060505333,0.0,0.1800080317073921,0.0,7.537688442210992,499.99999999999994,0.15
301,0.0004659291520651284,0.0,0.17941868413464698,0.0,22.613065326633205,499.99999999999994,0.15
302,0.0006018202587318878,0.0,0.17825460353921074,0.0,37.68844221105542,499.99999999999994,0.15
303,0.0007483959362498929,0.0,0.17654443966643965,0.0,52.7638190954774,499.99999999999994,0.15
304,0.00159228070968862,0.0,0.17432975791568034,0.0,67.83919597989961,499.99999999999994,0.15
305,0.0014879134900419207,0.0,0.17166345394733254,0.0,82.9145728643216,499.99999999999994,0.15
306,0.0030295771774291845,0.0,0.16860780449121454,0.0,97.98994974874381,499.99999999999994,0.15
307,0.0028297067541473864,0.0,0.16523227424348114,0.0,113.0653266331658,499.99999999999994,0.15
308,0.004060945453307846,0.0,0.1616112055558584,0.0,128.140703517588,499.99999999999994,0.15
309,0.005940849439255047,0.0,0.1578215136580025,0.0,143.21608040201,499.99999999999994,0.15
310,0.007108593859784022,0.0,0.15394049687897726,0.0,158.2914572864322,499.99999999999994,0.15
311,0.007164496446083533,0.0,0.1500438511222018,0.0,173.36683417085442,499.99999999999994,0.15
312,0.009344254851429852,0.0,0.14620395355798946,0.0,188.4422110552764,499.99999999999994,0.15
313,0.01029867797863143,0.0,0.14248845502306773,0.0,203.51758793969861,499.99999999999994,0.15
314,0.011631334351085194,0.0,0.13895919650372532,0.0,218.59296482412063,499.99999999999994,0.15
315,0.014425623033859244,0.0,0.13567144425860223,0.0,233.6683417085428,499.99999999999994,0.15
316,0.017804478708228755,0.0,0.132673421796645,0.0,248.7437185929648,499.99999999999994,0.15
317,0.021407172319973314,0.0,0.1300061055211774,0.0,263.819095477387,499.99999999999994,0.15
318,0.02494253396460251,0.0,0.1277032442177431,0.0,278.894472361809,499.99999999999994,0.15
319,0.027650720854655773,0.0,0.12579156009086234,0.0,293.9698492462312,499.99999999999994,0.15
320,0.02990227157354585,0.0,0.12429108987550078,0.0,309.0452261306534,499.99999999999994,0.15
321,0.03325408230062914,0.0,0.12321562771181202,0.0,324.1206030150754,499.99999999999994,0.15
322,0.03686270857469946,0.0,0.12257323607461922,0.0,339.1959798994976,499.99999999999994,0.15
323,0.04051311800960629,0.0,0.12236679632627576,0.0,354.2713567839196,499.99999999999994,0.15
324,0.04588982435217463,0.0,0.12259457582348103,0.0,369.3467336683418,499.99999999999994,0.15
325,0.05034530491127179,0.0,0.12325079354899902,0.0,384.42211055276385,499.99999999999994,0.15
326,0.05435141359165308,0.0,0.1243261707148928,0.0,399.49748743718607,499.99999999999994,0.15
327,0.05973214124119068,0.0,0.1258084565837167,0.0,414.572864321608,499.99999999999994,0.15
328,0.06487190673146281,0.0,0.12768292286264615,0.0,429.6482412060302,499.99999999999994,0.15
329,0.07015763052803745,0.0,0.12993282248940743,0.0,444.7236180904524,499.99999999999994,0.15
330,0.0754265279269099,0.0,0.13253981052875174,0.0,459.7989949748744,499.99999999999994,0.15
331,0.08180293478263996,0.0,0.1354843263276698,0.0,474.8743718592966,499.99999999999994,0.15
332,0.0867317176422808,0.0,0.13874593712935795,0.0,489.94974874371866,499.99999999999994,0.15
333,0.09342135810427987,0.0,0.14230364410314006,0.0,505.02512562814076,499.99999999999994,0.15
334,0.09955039335044866,0.0,0.14613615228029375,0.0,520.1005025125628,499.99999999999994,0.15
335,0.105238463688411,0.0,0.15022210625008955,0.0,535.175879396985,499.99999999999994,0.15
336,0.11208920796458852,0.0,0.1545402937091624,0.0,550.2512562814072,499.99999999999994,0.15
337,0.11840417804933429,0.0,0.15906981910296575,0.0,565.3266331658292,499.99999999999994,0.15
338,0.12521173611812464,0.0,0.16379024967360986,0.0,580.4020100502512,499.99999999999994,0.15
339,0.13143891354215612,0.0,0.1686817362508177,0.0,595.4773869346736,499.99999999999994,0.15
340,0.13769123566451485,0.0,0.1737251111041832,0.0,610.5527638190956,499.99999999999994,0.15
341,0.14511491678368654,0.0,0.178901965124238,0.0,625.6281407035176,499.99999999999994,0.15
342,0.15223880846382615,0.0,0.18419470652396303,0.0,640.7035175879396,499.99999999999994,0.15
343,0.1583508464418621,0.0,0.1895866031566798,0.0,655.7788944723619,499.99999999999994,0.15
344,0.1646135095636052,0.0,0.19506181043534054,0.0,670.854271356784,499.99999999999994,0.15
345,0.17163075202015046,0.0,0.2006053867160701,0.0,685.929648241206,499.99999999999994,0.15
346,0.17882271047964077,0.0,0.2062032978789234,0.0,701.005025125628,499.99999999999994,0.15
347,0.18563748602989827,0.0,0.2118424127044179,0.0,716.0804020100504,499.99999999999994,0.15
348,0.19213020258052027,0.0,0.21751049050816335,0.0,731.1557788944725,499.99999999999994,0.15
349,0.198595065865876,0.0,0.2231961623605154,0.0,746.2311557788944,499.99999999999994,0.15
350,0.20516944386264585,0.0,0.22888890708544485,0.0,761.3065326633167,499.99999999999994,0.15
351,0.21180069363926185,0.0,0.23457902310474693,0.0,776.3819095477388,499.99999999999994,0.15
352,0.21838630876056486,0.0,0.2402575970714641,0.0,791.4572864321608,499.99999999999994,0.15
353,0.22486908994006682,0.0,0.24591647012122483,0.0,806.5326633165828,499.99999999999994,0.15
354,0.23124482435314028,0.0,0.2515482024625826,0.0,821.6080402010052,499.99999999999994,0.15
355,0.23753194518370963,0.0,0.2571460369282129,0.0,836.6834170854273,499.99999999999994,0.15
356,0.2437463630816777,0.0,0.2627038620176948,0.0,851.7587939698492,499.99999999999994,0.15
357,0.24989303734707297,0.0,0.2682161748801657,0.0,866.8341708542715,499.99999999999994,0.15
358,0.25596830936357606,0.0,0.2736780446106942,0.0,881.9095477386936,499.99999999999994,0.15
359,0.2619649927928252,0.0,0.2790850761679053,0.0,896.9849246231156,499.99999999999994,0.15
360,0.26787605697533756,0.0,0.28443337516147893,0.0,912.0603015075377,499.99999999999994,0.15
361,0.27369616591602874,0.0,0.2897195137065437,0.0,927.13567839196,499.99999999999994,0.15
362,0.2794218159770714,0.0,0.29494049749674456,0.0,942.2110552763821,499.99999999999994,0.15
363,0.28505096811289954,0.0,0.3000937342088098,0.0,957.286432160804,499.99999999999994,0.15
364,0.29058274023423847,0.0,0.305177003317878,0.0,972.361809045226,499.99999999999994,0.15
365,0.29601737445464554,0.0,0.3101884273743265,0.0,987.4371859296484,499.99999999999994,0.15
366,0.30135645167764225,0.0,0.31512644476882234,0.0,1002.5125628140704,499.99999999999994,0.15
367,0.30660317407870774,0.0,0.31998978399223943,0.0,1017.5879396984925,499.99999999999994,0.15
368,0.31176243815985094,0.0,0.32477743938055526,0.0,1032.6633165829148,499.99999999999994,0.15
369,0.3168403774916445,0.0,0.32948864832139424,0.0,1047.7386934673368,499.99999999999994,0.15
370,0.32184310839409996,0.0,0.33412286988814643,0.0,1062.8140703517588,499.99999999999994,0.15
371,0.3267746254889141,0.0,0.33867976485912876,0.0,1077.8894472361808,499.99999999999994,0.15
372,0.33163419819048173,0.0,0.34315917707287763,0.0,1092.9648241206032,499.99999999999994,0.15
373,0.33641414965443117,0.0,0.34756111606590195,0.0,1108.0402010050252,499.99999999999994,0.15
374,0.34109934681988363,0.0,0.3518857409360024,0.0,1123.1155778894472,499.99999999999994,0.15
375,0.34566975137449213,0.0,0.3561333453721688,0.0,1138.1909547738696,499.99999999999994,0.15
376,0.350106627697436,0.0,0.36030434379107595,0.0,1153.2663316582916,499.99999999999994,0.15
377,0.3544013677310006,0.0,0.364399258519905,0.0,1168.3417085427136,499.99999999999994,0.15
378,0.3585637903074108,0.0,0.36841870796582077,0.0,1183.4170854271356,499.99999999999994,0.15
379,0.36262525724153893,0.0,0.37236339571328847,0.0,1198.492462311558,499.99999999999994,0.15
380,0.36663241690899606,0.0,0.3762341004920182,0.0,1213.56783919598,499.99999999999994,0.15
381,0.37063077595627203,0.0,0.3800316669599853,0.0,1228.643216080402,499.99999999999994,0.15
382,0.3746430479096695,0.0,0.38375699724804585,0.0,1243.718592964824,499.99999999999994,0.15
383,0.37865268559560994,0.0,0.38741104321490816,0.0,1258.7939698492464,499.99999999999994,0.15
384,0.38260416134054215,0.0,0.3909947993634508,0.0,1273.8693467336684,499.99999999999994,0.15
385,0.38642538079437877,0.0,0.39450929637189225,0.0,1288.9447236180904,499.99999999999994,0.15
386,0.3900650665188994,0.0,0.3979555951956672,0.0,1304.0201005025128,499.99999999999994,0.15
387,0.39352545661421906,0.0,0.40133478169824943,0.0,1319.0954773869348,499.99999999999994,0.15
388,0.39686773837577705,0.0,0.40464796177176743,0.0,1334.1708542713568,499.99999999999994,0.15
389,0.40018042938850545,0.0,0.4078962569103016,0.0,1349.2462311557786,499.99999999999994,0.15
390,0.40352531600100566,0.0,0.41108080020131843,0.0,1364.3216080402012,499.99999999999994,0.15
391,0.4068959824501742,0.0,0.41420273270274477,0.0,1379.396984924623,499.99999999999994,0.15
392,0.4102220943082875,0.0,0.4172632001753771,0.0,1394.4723618090452,499.99999999999994,0.15
393,0.41342279844643737,0.0,0.4202633501423136,0.0,1409.5477386934676,499.99999999999994,0.15
394,0.41647230774485744,0.0,0.4232043292490831,0.0,1424.6231155778896,499.99999999999994,0.15
395,0.4194231096853932,0.0,0.42608728089993453,0.0,1439.6984924623116,499.99999999999994,0.15
396,0.4223601732973674,0.0,0.42891334314754537,0.0,1454.7738693467334,499.99999999999994,0.15
397,0.4253193039899573,0.0,0.43168364681498195,0.0,1469.849246231156,499.99999999999994,0.15
398,0.4282446281713882,0.0,0.4343993138303607,0.0,1484.924623115578,499.99999999999994,0.15
399,0.43103666846894106,0.0,0.4370614557560677,0.0,1500.0,499.99999999999994,0.15
